{
  "assetsByChunkName": {
    "vendors~app-account~app-confirmation~app-order": "chunk.9b0f36aaf21fc3fc38fb.js",
    "vendors~app-account~app-checkout": "chunk.99cb522668c2b9d28772.js",
    "vendors~app-cart~app-checkout": "chunk.514473c322b01ae4a64e.js",
    "admin": [
      "admin.d1a8d031c66de49acd15.js",
      "admin.d1a8d031c66de49acd15.js.map"
    ],
    "app-account": "chunk.d76250024d597f8a8531.js",
    "app-checkout": "chunk.d75afd7bcaf6e6ac7519.js",
    "app-confirmation": "chunk.5a8366f3c67809d87d2b.js",
    "checkout": [
      "checkout.8f3d25731838d572c90c.js",
      "checkout.8f3d25731838d572c90c.js.map"
    ],
    "storefront": [
      "storefront.52a366052d4023939df9.css",
      "storefront.606d5938028c74ebc9a6.js",
      "storefront.52a366052d4023939df9.css.map",
      "storefront.606d5938028c74ebc9a6.js.map"
    ],
    "vendors~app-cart": "chunk.7bdb76721e6757c0c3ad.js",
    "vendors~app-order": "chunk.44ce340eace0e4065f1c.js"
  }
}