{
  "meta_title": "",
  "meta_description": "",
  "sections": [
    {
      "type": "banner-slider",
      "autoplay": 2000,
      "full_width": true,
      "slides": [
        {
          "img": "https://cdn.awsli.com.br/1920x1920/2356/2356607/banner/60-k65kdjm0cn.jpg",
          "link": "",
          "alt": "",
          "start": "",
          "end": "",
          "mobile_img": ""
        }
      ]
    },
    {
      "type": "info-bar",
      "enabled": true
    },
    {
      "type": "collection-shelf",
      "shuffle": true,
      "collection_id": null,
      "sort": "offers",
      "title": "",
      "headless": false,
      "limit": 12,
      "page": 1
    }
  ]
}
